{
  "timestamp": "2025-09-05T22:49:15.214743Z",
  "task": "cpu",
  "mode": "offline",
  "country": "ARG",
  "seconds": 30,
  "duration_s": 30.043,
  "emissions_kg": 0.00038367627716447616,
  "project_name": "TP_Green_Software",
  "output_csv": "results\\emissions.csv",
  "notes": "Ejecución con CodeCarbon",
  "cpu_power": 120.0,
  "gpu_power": 0.0,
  "ram_power": 10.0,
  "cpu_energy": 0.0010002077866665788,
  "gpu_energy": 0.0,
  "ram_energy": 8.330824444435873e-05,
  "energy_consumed": 0.001083516031110937,
  "emissions": 0.00038367627716447616,
  "emissions_rate": 1.2785994243188429e-05,
  "duration": 30.007543399988208,
  "trees_needed_per_year_equiv": 1.28e-06,
  "hours_compensated_tree_young": 652.525,
  "hours_compensated_tree_adult": 6525.249
}